group,section,label,path,type,value,notes
components,components.calendar_events,Empty message,components.calendar_events.empty_message,string,Check out What's On for current activities.,Plain text.
components,components.calendar_events,View whats on label,components.calendar_events.view_whats_on_label,string,View What's On ->,Plain text.
footer,footer.quick_links,Href,footer.quick_links[0].href,path,/im-new,Use site-relative path starting with /.
footer,footer.quick_links,Label,footer.quick_links[0].label,string,I'm New,Plain text.
footer,footer.quick_links,Href,footer.quick_links[1].href,path,/whats-on,Use site-relative path starting with /.
footer,footer.quick_links,Label,footer.quick_links[1].label,string,What's On,Plain text.
footer,footer.quick_links,Href,footer.quick_links[2].href,path,/sermons,Use site-relative path starting with /.
footer,footer.quick_links,Label,footer.quick_links[2].label,string,Talks,Plain text.
footer,footer.quick_links,Href,footer.quick_links[3].href,path,/safeguarding,Use site-relative path starting with /.
footer,footer.quick_links,Label,footer.quick_links[3].label,string,Safeguarding,Plain text.
footer,footer.quick_links,Href,footer.quick_links[4].href,path,/contact,Use site-relative path starting with /.
footer,footer.quick_links,Label,footer.quick_links[4].label,string,Contact,Plain text.
footer,footer.title,Title,footer.title,string,St John's Park,Plain text.
navigation,navigation.href,Href,navigation[0].href,path,/sundays,Use site-relative path starting with /.
navigation,navigation.label,Label,navigation[0].label,string,Sundays,Plain text.
navigation,navigation.href,Href,navigation[1].href,path,/sermons,Use site-relative path starting with /.
navigation,navigation.label,Label,navigation[1].label,string,Talks,Plain text.
navigation,navigation.href,Href,navigation[2].href,path,/whats-on,Use site-relative path starting with /.
navigation,navigation.label,Label,navigation[2].label,string,What's On,Plain text.
navigation,navigation.href,Href,navigation[3].href,path,/belong,Use site-relative path starting with /.
navigation,navigation.label,Label,navigation[3].label,string,Belong,Plain text.
navigation,navigation.href,Href,navigation[4].href,path,/serve,Use site-relative path starting with /.
navigation,navigation.label,Label,navigation[4].label,string,Serve,Plain text.
navigation,navigation.href,Href,navigation[5].href,path,/give,Use site-relative path starting with /.
navigation,navigation.label,Label,navigation[5].label,string,Give,Plain text.
navigation,navigation.href,Href,navigation[6].href,path,/team,Use site-relative path starting with /.
navigation,navigation.label,Label,navigation[6].label,string,Team,Plain text.
navigation,navigation.href,Href,navigation[7].href,path,/contact,Use site-relative path starting with /.
navigation,navigation.label,Label,navigation[7].label,string,Contact,Plain text.
pages,pages.belong,Description,pages.belong.highlights[0].description,string,Groups for children aged 1-11 during Sunday gatherings.,Plain text.
pages,pages.belong,Href,pages.belong.highlights[0].href,path,/park-kids,Use site-relative path starting with /.
pages,pages.belong,Title,pages.belong.highlights[0].title,string,Park Kids,Plain text.
pages,pages.belong,Tone,pages.belong.highlights[0].tone,string,eden,Plain text.
pages,pages.belong,Description,pages.belong.highlights[1].description,string,Youth discipleship through Cornerstone and Sunday Bible study.,Plain text.
pages,pages.belong,Href,pages.belong.highlights[1].href,path,/park-youth,Use site-relative path starting with /.
pages,pages.belong,Title,pages.belong.highlights[1].title,string,Park Youth,Plain text.
pages,pages.belong,Tone,pages.belong.highlights[1].tone,string,teal,Plain text.
pages,pages.belong,Description,pages.belong.highlights[2].description,string,"Midweek groups for prayer, Scripture, and community life.",Plain text.
pages,pages.belong,Href,pages.belong.highlights[2].href,path,/park-communities,Use site-relative path starting with /.
pages,pages.belong,Title,pages.belong.highlights[2].title,string,Park Communities,Plain text.
pages,pages.belong,Tone,pages.belong.highlights[2].tone,string,gold,Plain text.
pages,pages.belong,Heading,pages.belong.sections.kids.heading,string,Kids,Plain text.
pages,pages.belong,Paragraphs 1,pages.belong.sections.kids.paragraphs[0],string,We have kids groups (ages 1-11) that meet during our Sunday gathering. Speak to our welcome team to find out more.,Plain text.
pages,pages.belong,Paragraphs 2,pages.belong.sections.kids.paragraphs[1],html,<a href='/park-kids' class='underline decoration-[var(--eden)] underline-offset-4'>Find out more about Park Kids</a>.,HTML allowed. Keep links as <a href='...'>text</a>.
pages,pages.belong,Heading,pages.belong.sections.midweek.heading,string,Midweek Groups,Plain text.
pages,pages.belong,Paragraphs 1,pages.belong.sections.midweek.paragraphs[0],string,"We encourage anyone part of our church family to find transformation, discipleship, and growth in a small community.",Plain text.
pages,pages.belong,Paragraphs 2,pages.belong.sections.midweek.paragraphs[1],string,"Most of our communities meet weekly to study God's Word, pray, and encourage one another in faith.",Plain text.
pages,pages.belong,Paragraphs 3,pages.belong.sections.midweek.paragraphs[2],html,"To join a community, visit <a href='/park-communities' class='underline decoration-[var(--eden)] underline-offset-4'>Park Communities</a> or <a href='/contact' class='underline decoration-[var(--eden)] underline-offset-4'>contact us</a>.",HTML allowed. Keep links as <a href='...'>text</a>.
pages,pages.belong,Heading,pages.belong.sections.youth.heading,string,Youth (Cornerstone),Plain text.
pages,pages.belong,Paragraphs 1,pages.belong.sections.youth.paragraphs[0],string,"Our youth group Cornerstone meets every Wednesday at church from 6:00-7:00pm. If you are at secondary school, we would love to see you there.",Plain text.
pages,pages.belong,Paragraphs 2,pages.belong.sections.youth.paragraphs[1],string,We also run a youth Bible study during selected Sunday gatherings for Years 7-10.,Plain text.
pages,pages.belong,Paragraphs 3,pages.belong.sections.youth.paragraphs[2],html,<a href='/park-youth' class='underline decoration-[var(--teal)] underline-offset-4'>Find out more about Park Youth</a>.,HTML allowed. Keep links as <a href='...'>text</a>.
pages,pages.belong,Title,pages.belong.title,string,Belong,Plain text.
pages,pages.contact,Alt,pages.contact.find_us.image.alt,string,St John's Park church building and grounds,Plain text.
pages,pages.contact,Src,pages.contact.find_us.image.src,path,/images/community-park-gathering-2.jpg,Use site-relative path starting with /.
pages,pages.contact,Href,pages.contact.find_us.maps_link.href,url,"https://maps.google.com/?q=Bernard+Street,+Sheffield,+S2+5PU","Use full URL (https://...), mailto:, or tel:."
pages,pages.contact,Label,pages.contact.find_us.maps_link.label,string,Open in Google Maps,Plain text.
pages,pages.contact,Paragraphs 1,pages.contact.find_us.paragraphs[0],string,"The address of the church is Bernard Street, Sheffield, S2 5PU.",Plain text.
pages,pages.contact,Paragraphs 2,pages.contact.find_us.paragraphs[1],html,General enquiries: <a href='mailto:StJohnsPark@outlook.com' class='underline decoration-[var(--eden)] underline-offset-4'>StJohnsPark@outlook.com</a>,HTML allowed. Keep links as <a href='...'>text</a>.
pages,pages.contact,Heading,pages.contact.parking.heading,string,Parking,Plain text.
pages,pages.contact,Paragraphs 1,pages.contact.parking.paragraphs[0],string,We have a steep driveway to a car park just off Bernard Street with limited parking.,Plain text.
pages,pages.contact,Paragraphs 2,pages.contact.parking.paragraphs[1],string,"Overflow parking is available in the car park behind the flats at the top of the church grounds. From Bernard Street, turn onto Cricket Inn Road, then the first major right onto Maltravers Road, then right again onto St John's Street. Follow the road to the end of the car park and use the public footpath through the old churchyard to reach church.",Plain text.
pages,pages.contact,Heading,pages.contact.public_transport.heading,string,Public Transport,Plain text.
pages,pages.contact,Paragraphs 1,pages.contact.public_transport.paragraphs[0],string,We have good public transport links. Hyde Park tram stop is right next to the church.,Plain text.
pages,pages.contact,Title,pages.contact.title,string,How to Find Us,Plain text.
pages,pages.events,About title,pages.events.about_title,string,About This Event,Plain text.
pages,pages.events,Back link label,pages.events.back_link_label,string,← Back to What's On,Plain text.
pages,pages.events,Fallback description html,pages.events.fallback_description_html,html,<p>More details for this event will be added soon.</p>,HTML allowed. Keep links as <a href='...'>text</a>.
pages,pages.events,Fallback location,pages.events.fallback_location,string,St John's Park Church,Plain text.
pages,pages.events,Image alt prefix,pages.events.image_alt_prefix,string,Event image,Plain text.
pages,pages.events,Images title,pages.events.images_title,string,Event Images,Plain text.
pages,pages.events,Date,pages.events.labels.date,string,Date,Plain text.
pages,pages.events,Location,pages.events.labels.location,string,Location,Plain text.
pages,pages.events,Time,pages.events.labels.time,string,Time,Plain text.
pages,pages.give,Heading,pages.give.bank_details.heading,string,Bank Details,Plain text.
pages,pages.give,Lines 1,pages.give.bank_details.lines[0],string,Account Name: ST JOHNS PARK P C C,Plain text.
pages,pages.give,Lines 2,pages.give.bank_details.lines[1],string,Sort Code: 20-76-89,Plain text.
pages,pages.give,Lines 3,pages.give.bank_details.lines[2],string,Account Number: 60362786,Plain text.
pages,pages.give,Contact html,pages.give.contact_html,html,"For more information, contact Catherine at <a class='underline decoration-[var(--eden)] underline-offset-4' href='mailto:StJohnsPark@outlook.com'>StJohnsPark@outlook.com</a>.",HTML allowed. Keep links as <a href='...'>text</a>.
pages,pages.give,Generosity paragraph,pages.give.generosity_paragraph,string,"Your generosity allows us to build and sustain our Sunday gatherings, midweek ministries, and serve our city. Thank you for giving to St John's.",Plain text.
pages,pages.give,Methods heading,pages.give.methods_heading,string,Here are the best ways for you to give:,Plain text.
pages,pages.give,Methods 1,pages.give.methods[0],string,Via the Online Parish Giving Scheme.,Plain text.
pages,pages.give,Methods 2,pages.give.methods[1],string,Bring your collection to church on Sunday.,Plain text.
pages,pages.give,Methods 3,pages.give.methods[2],string,Use the card machine at church.,Plain text.
pages,pages.give,Methods 4,pages.give.methods[3],string,Bank transfer (BACS).,Plain text.
pages,pages.give,Button label,pages.give.online_giving.button_label,string,Give Online (Parish Giving Scheme),Plain text.
pages,pages.give,Link,pages.give.online_giving.link,url,https://www.parishgiving.org.uk/donors/find-your-parish/park-st-john-the-evangelist-sheffield/,"Use full URL (https://...), mailto:, or tel:."
pages,pages.give,Title,pages.give.title,string,Give,Plain text.
pages,pages.home,Title,pages.home.coming_up.title,string,Coming Up,Plain text.
pages,pages.home,Badge,pages.home.hero.badge,string,Eden in Park,Plain text.
pages,pages.home,Alt,pages.home.hero.image.alt,string,St John's Park Community Gathering,Plain text.
pages,pages.home,Src,pages.home.hero.image.src,path,/images/community-park-gathering-2.jpg,Use site-relative path starting with /.
pages,pages.home,Href,pages.home.hero.primary_cta.href,path,/sundays,Use site-relative path starting with /.
pages,pages.home,Label,pages.home.hero.primary_cta.label,string,Visit Sunday,Plain text.
pages,pages.home,Href,pages.home.hero.secondary_cta.href,path,/contact,Use site-relative path starting with /.
pages,pages.home,Label,pages.home.hero.secondary_cta.label,string,Find Us,Plain text.
pages,pages.home,Subtitle,pages.home.hero.subtitle,html,"A community of Jesus-followers in Park, Sheffield. <br/>We belong to the family of God, <br/>love and serve our city, <br/>and give Jesus praise in everything we do.",HTML allowed. Keep links as <a href='...'>text</a>.
pages,pages.home,Title,pages.home.hero.title,string,WELCOME HOME,Plain text.
pages,pages.home,Mime type,pages.home.latest_message.audio.mime_type,string,audio/mpeg,Plain text.
pages,pages.home,Src,pages.home.latest_message.audio.src,path,/audio/latest-message.mp3,Use site-relative path starting with /.
pages,pages.home,Href,pages.home.latest_message.cta.href,path,/sermons,Use site-relative path starting with /.
pages,pages.home,Label,pages.home.latest_message.cta.label,string,Listen Now,Plain text.
pages,pages.home,Eyebrow,pages.home.latest_message.eyebrow,string,Latest Message,Plain text.
pages,pages.home,Color,pages.home.mission_grid[0].color,string,teal,Plain text.
pages,pages.home,Desc,pages.home.mission_grid[0].desc,string,"Find transformation, discipleship, and growth through midweek groups, Kids, and Youth communities.",Plain text.
pages,pages.home,Link href,pages.home.mission_grid[0].link_href,path,/belong,Use site-relative path starting with /.
pages,pages.home,Link text,pages.home.mission_grid[0].link_text,string,FIND OUT MORE,Plain text.
pages,pages.home,Title,pages.home.mission_grid[0].title,string,Belong,Plain text.
pages,pages.home,Color,pages.home.mission_grid[1].color,string,green,Plain text.
pages,pages.home,Desc,pages.home.mission_grid[1].desc,string,"Join one of our teams and help our church family thrive in worship, welcome, and community service.",Plain text.
pages,pages.home,Link href,pages.home.mission_grid[1].link_href,path,/serve,Use site-relative path starting with /.
pages,pages.home,Link text,pages.home.mission_grid[1].link_text,string,JOIN A TEAM,Plain text.
pages,pages.home,Title,pages.home.mission_grid[1].title,string,Serve,Plain text.
pages,pages.home,Color,pages.home.mission_grid[2].color,string,gold,Plain text.
pages,pages.home,Desc,pages.home.mission_grid[2].desc,string,"Your generosity helps sustain Sunday gatherings, midweek ministries, and practical support across our city.",Plain text.
pages,pages.home,Link href,pages.home.mission_grid[2].link_href,path,/give,Use site-relative path starting with /.
pages,pages.home,Link text,pages.home.mission_grid[2].link_text,string,SUPPORT THE VISION,Plain text.
pages,pages.home,Title,pages.home.mission_grid[2].title,string,Give,Plain text.
pages,pages.home,Heading,pages.home.mission.heading,string,Our Vision,Plain text.
pages,pages.home,Tag,pages.home.mission.tag,string,"// Belong, Serve, Give",Plain text.
pages,pages.im_new,Heading,pages.im_new.home_preview.heading,string,First Time Visiting?,Plain text.
pages,pages.im_new,Intro,pages.im_new.home_preview.intro,string,Here is what makes a Sunday morning at St John's Park easy to step into.,Plain text.
pages,pages.im_new,Heading,pages.im_new.sections[0].heading,string,When does church happen?,Plain text.
pages,pages.im_new,Paragraphs 1,pages.im_new.sections[0].paragraphs[0],string,"We gather to worship every Sunday morning at 10:45am. We also run activities during the week for children, local community support, and smaller groups.",Plain text.
pages,pages.im_new,Heading,pages.im_new.sections[1].heading,string,What happens in a church service?,Plain text.
pages,pages.im_new,Paragraphs 1,pages.im_new.sections[1].paragraphs[0],string,"The service is usually a little over an hour. We sing together, read the Bible, hear teaching that connects Scripture to everyday life, and spend time in prayer.",Plain text.
pages,pages.im_new,Paragraphs 2,pages.im_new.sections[1].paragraphs[1],string,"On the first Sunday of each month, we also share Communion together.",Plain text.
pages,pages.im_new,Heading,pages.im_new.sections[2].heading,string,What about children and young people?,Plain text.
pages,pages.im_new,Paragraphs 1,pages.im_new.sections[2].paragraphs[0],string,"Children are very welcome. Most Sundays there is a children’s activity or children’s club during the service, and we work to help families feel at home.",Plain text.
pages,pages.im_new,Paragraphs 2,pages.im_new.sections[2].paragraphs[1],html,"For more details, visit <a href='/park-kids' class='underline decoration-[var(--eden)] underline-offset-4'>Park Kids</a> and <a href='/park-youth' class='underline decoration-[var(--teal)] underline-offset-4'>Park Youth</a>.",HTML allowed. Keep links as <a href='...'>text</a>.
pages,pages.im_new,Title,pages.im_new.title,string,I'm New,Plain text.
pages,pages.life_events,Intro,pages.life_events.intro,string,"For information about baptisms, weddings, and funerals:",Plain text.
pages,pages.life_events,Href,pages.life_events.links[0].href,url,https://www.melksham.church/life-events,"Use full URL (https://...), mailto:, or tel:."
pages,pages.life_events,Label,pages.life_events.links[0].label,string,melksham.church/life-events,Plain text.
pages,pages.life_events,Href,pages.life_events.links[1].href,url,https://www.stjohnschap.co.uk/what-we-do/celebrating-new-birth/,"Use full URL (https://...), mailto:, or tel:."
pages,pages.life_events,Label,pages.life_events.links[1].label,string,stjohnschap.co.uk/what-we-do/celebrating-new-birth,Plain text.
pages,pages.life_events,Title,pages.life_events.title,string,Life Events,Plain text.
pages,pages.park_communities,Cta html,pages.park_communities.cta_html,html,Ready to join a community? <a href='/contact' class='underline decoration-[var(--eden)] underline-offset-4'>Contact us</a> and we will help find the right group.,HTML allowed. Keep links as <a href='...'>text</a>.
pages,pages.park_communities,Heading,pages.park_communities.midweek.heading,string,Midweek Communities,Plain text.
pages,pages.park_communities,Alt,pages.park_communities.midweek.images[0].alt,string,Community gathering in the park,Plain text.
pages,pages.park_communities,Src,pages.park_communities.midweek.images[0].src,path,/images/community-park-gathering-1.jpg,Use site-relative path starting with /.
pages,pages.park_communities,Alt,pages.park_communities.midweek.images[1].alt,string,Church and community gathering in the grounds,Plain text.
pages,pages.park_communities,Src,pages.park_communities.midweek.images[1].src,path,/images/community-park-gathering-2.jpg,Use site-relative path starting with /.
pages,pages.park_communities,Paragraphs 1,pages.park_communities.midweek.paragraphs[0],string,Park Communities are smaller groups that meet during the week to help us grow as disciples of Jesus in everyday life.,Plain text.
pages,pages.park_communities,Paragraphs 2,pages.park_communities.midweek.paragraphs[1],string,"Most groups meet weekly to read God's Word, pray, and encourage one another in faith.",Plain text.
pages,pages.park_communities,Heading,pages.park_communities.rhythm.heading,string,Our Rhythm,Plain text.
pages,pages.park_communities,Alt,pages.park_communities.rhythm.image.alt,string,Community singing together outside church at Christmas,Plain text.
pages,pages.park_communities,Src,pages.park_communities.rhythm.image.src,path,/images/carols-doorstep.jpg,Use site-relative path starting with /.
pages,pages.park_communities,Items 1,pages.park_communities.rhythm.items[0],html,<strong>Up:</strong> Seeking God in prayer and Scripture.,HTML allowed. Keep links as <a href='...'>text</a>.
pages,pages.park_communities,Items 2,pages.park_communities.rhythm.items[1],html,<strong>In:</strong> Supporting and encouraging one another.,HTML allowed. Keep links as <a href='...'>text</a>.
pages,pages.park_communities,Items 3,pages.park_communities.rhythm.items[2],html,<strong>Out:</strong> Serving our local community.,HTML allowed. Keep links as <a href='...'>text</a>.
pages,pages.park_communities,Title,pages.park_communities.title,string,Park Communities,Plain text.
pages,pages.park_kids,Cta html,pages.park_kids.cta_html,html,Questions before visiting? <a href='/contact' class='underline decoration-[var(--eden)] underline-offset-4'>Contact us</a>.,HTML allowed. Keep links as <a href='...'>text</a>.
pages,pages.park_kids,Heading,pages.park_kids.social_story.heading,string,Social Story for Visiting Church,Plain text.
pages,pages.park_kids,Alt,pages.park_kids.social_story.images[0].alt,string,Children and families at churchyard games,Plain text.
pages,pages.park_kids,Src,pages.park_kids.social_story.images[0].src,path,/images/kids-churchyard.jpg,Use site-relative path starting with /.
pages,pages.park_kids,Alt,pages.park_kids.social_story.images[1].alt,string,Children taking part in a Christingle service,Plain text.
pages,pages.park_kids,Src,pages.park_kids.social_story.images[1].src,path,/images/christingle.jpg,Use site-relative path starting with /.
pages,pages.park_kids,Intro,pages.park_kids.social_story.intro,string,Here is a step-by-step guide for what happens when visiting St John's Park Church on a Sunday.,Plain text.
pages,pages.park_kids,Step label prefix,pages.park_kids.social_story.step_label_prefix,string,Step,Plain text.
pages,pages.park_kids,Steps 1,pages.park_kids.social_story.steps[0],string,When I arrive at St John's Park Church I will see a big blue open door with a ramp for wheelchair access.,Plain text.
pages,pages.park_kids,Steps 2,pages.park_kids.social_story.steps[1],string,I will go inside two sets of doors and then there will be someone at the back of church to say hello to me.,Plain text.
pages,pages.park_kids,Steps 3,pages.park_kids.social_story.steps[2],string,There will be ear defenders and activity bags for me to use if I want to. I am allowed to borrow them without asking.,Plain text.
pages,pages.park_kids,Steps 4,pages.park_kids.social_story.steps[3],string,The toilets are in the side hallway. There is also an accessible toilet and I am allowed to use it even if I don't have a disability.,Plain text.
pages,pages.park_kids,Steps 5,pages.park_kids.social_story.steps[4],string,In church I can sit on any of the available seats. If I have a wheelchair I am welcome to sit wherever I feel most comfortable.,Plain text.
pages,pages.park_kids,Steps 6,pages.park_kids.social_story.steps[5],string,"When the service is ready to start, the person leading will say hello and tell us what is happening.",Plain text.
pages,pages.park_kids,Steps 7,pages.park_kids.social_story.steps[6],string,"During the service we will sing songs. I can stand up or sit down to sing. It is OK to move around, dance or wave a flag.",Plain text.
pages,pages.park_kids,Steps 8,pages.park_kids.social_story.steps[7],string,"After the Family Song, I will be invited to go into the side hall for kids activities. There is circle time, games, stories and a craft. It is OK to stay in the main service.",Plain text.
pages,pages.park_kids,Steps 9,pages.park_kids.social_story.steps[8],string,"After the service I can stay for a drink and a biscuit and talk to people. If I don't want to do this, that is OK and I can go home with my family when we are ready.",Plain text.
pages,pages.park_kids,Heading,pages.park_kids.sunday_groups.heading,string,Sunday Kids Groups,Plain text.
pages,pages.park_kids,Alt,pages.park_kids.sunday_groups.image.alt,string,Children playing in the church park,Plain text.
pages,pages.park_kids,Src,pages.park_kids.sunday_groups.image.src,path,/images/kids-frisbee.jpg,Use site-relative path starting with /.
pages,pages.park_kids,Paragraphs 1,pages.park_kids.sunday_groups.paragraphs[0],string,Our Park Kids groups are for children aged 1-11 and run during our Sunday gathering at 10:45am.,Plain text.
pages,pages.park_kids,Paragraphs 2,pages.park_kids.sunday_groups.paragraphs[1],string,"Children start in the service with the church family and then move into age-appropriate groups for Bible teaching, prayer, and activities.",Plain text.
pages,pages.park_kids,Title,pages.park_kids.title,string,Park Kids,Plain text.
pages,pages.park_youth,Heading,pages.park_youth.cornerstone.heading,string,Wednesday Night: Cornerstone,Plain text.
pages,pages.park_youth,Alt,pages.park_youth.cornerstone.image.alt,string,Park Youth gathered together in the garden,Plain text.
pages,pages.park_youth,Src,pages.park_youth.cornerstone.image.src,path,/images/park-youth-group.jpg,Use site-relative path starting with /.
pages,pages.park_youth,Paragraphs 1,pages.park_youth.cornerstone.paragraphs[0],string,"Cornerstone is our youth group for secondary school age, meeting every Wednesday at church from 6:00pm-7:00pm.",Plain text.
pages,pages.park_youth,Paragraphs 2,pages.park_youth.cornerstone.paragraphs[1],string,"We spend time together in Scripture, discussion, prayer, and friendship.",Plain text.
pages,pages.park_youth,Cta html,pages.park_youth.cta_html,html,"If you are a parent/carer or young person and would like more details, <a href='/contact' class='underline decoration-[var(--teal)] underline-offset-4'>get in touch</a>.",HTML allowed. Keep links as <a href='...'>text</a>.
pages,pages.park_youth,Heading,pages.park_youth.sunday_study.heading,string,Sunday: Faith Explorers,Plain text.
pages,pages.park_youth,Alt,pages.park_youth.sunday_study.images[0].alt,string,Young person leading from the front during a Sunday gathering,Plain text.
pages,pages.park_youth,Src,pages.park_youth.sunday_study.images[0].src,path,/images/youth-leading-worship.png,Use site-relative path starting with /.
pages,pages.park_youth,Alt,pages.park_youth.sunday_study.images[1].alt,string,Park Youth enjoying games in the park,Plain text.
pages,pages.park_youth,Src,pages.park_youth.sunday_study.images[1].src,path,/images/youth-games-1.jpg,Use site-relative path starting with /.
pages,pages.park_youth,Alt,pages.park_youth.sunday_study.images[2].alt,string,Park Youth taking part in outdoor activities,Plain text.
pages,pages.park_youth,Src,pages.park_youth.sunday_study.images[2].src,path,/images/youth-games-2.jpg,Use site-relative path starting with /.
pages,pages.park_youth,Paragraphs 1,pages.park_youth.sunday_study.paragraphs[0],string,We also run a youth Bible study during selected Sunday gatherings for Years 7-10.,Plain text.
pages,pages.park_youth,Paragraphs 2,pages.park_youth.sunday_study.paragraphs[1],string,"Our heart is to help young people know Jesus, grow in faith, and play a full part in church life.",Plain text.
pages,pages.park_youth,Title,pages.park_youth.title,string,Park Youth,Plain text.
pages,pages.safeguarding,Paragraphs 1,pages.safeguarding.paragraphs[0],string,St John's is committed to high standards in the safeguarding and care of children and vulnerable adults.,Plain text.
pages,pages.safeguarding,Paragraphs 2,pages.safeguarding.paragraphs[1],html,"To request our safeguarding policy, please <a href='/contact' class='underline decoration-[var(--eden)] underline-offset-4'>contact us</a>.",HTML allowed. Keep links as <a href='...'>text</a>.
pages,pages.safeguarding,Paragraphs 3,pages.safeguarding.paragraphs[2],html,"The Diocese of Sheffield's Safeguarding Adviser is Siân Checkley. Contact: 01709 309100 or 07741 013775, or email <a href='mailto:sian.checkley@sheffield.anglican.org' class='underline decoration-[var(--eden)] underline-offset-4'>sian.checkley@sheffield.anglican.org</a>.",HTML allowed. Keep links as <a href='...'>text</a>.
pages,pages.safeguarding,Paragraphs 4,pages.safeguarding.paragraphs[3],html,Diocese safeguarding information: <a href='https://www.sheffield.anglican.org/support/safeguarding' class='underline decoration-[var(--eden)] underline-offset-4'>sheffield.anglican.org/support/safeguarding</a>,HTML allowed. Keep links as <a href='...'>text</a>.
pages,pages.safeguarding,Title,pages.safeguarding.title,string,Safeguarding,Plain text.
pages,pages.sermons,Audio coming soon,pages.sermons.audio_coming_soon,string,Audio coming soon.,Plain text.
pages,pages.sermons,Intro primary,pages.sermons.intro_primary,string,Catch up on our latest Sunday talks.,Plain text.
pages,pages.sermons,Intro secondary,pages.sermons.intro_secondary,string,"Hear the Bible read, explained, and applied to everyday life through talks from members of our church family.",Plain text.
pages,pages.sermons,Rss button label,pages.sermons.rss_button_label,string,Subscribe via RSS,Plain text.
pages,pages.sermons,Title,pages.sermons.title,string,Talks,Plain text.
pages,pages.serve,Intro,pages.serve.intro,string,"We are a church family, and we need different people to help our family thrive. If you are part of St John's, we encourage you to join and serve one of our teams.",Plain text.
pages,pages.serve,Outro html,pages.serve.outro_html,html,Interested in joining a team? Please <a href='/contact' class='underline decoration-[var(--eden)] underline-offset-4'>get in touch</a>.,HTML allowed. Keep links as <a href='...'>text</a>.
pages,pages.serve,Description,pages.serve.teams[0].description,string,"Our welcome and hospitality team create the family environment we love at St John's Park. They welcome people at the door, serve refreshments, and make sure everyone receives a warm welcome.",Plain text.
pages,pages.serve,Name,pages.serve.teams[0].name,string,Welcome and Hospitality,Plain text.
pages,pages.serve,Description,pages.serve.teams[1].description,string,"Our Kids team disciples the youngest generation in our church, from under-5s through primary-aged children.",Plain text.
pages,pages.serve,Name,pages.serve.teams[1].name,string,Kids,Plain text.
pages,pages.serve,Description,pages.serve.teams[2].description,string,"We disciple young people through Sunday Bible study and our midweek youth group Cornerstone, helping them meet and grow in relationship with Jesus.",Plain text.
pages,pages.serve,Name,pages.serve.teams[2].name,string,Youth,Plain text.
pages,pages.serve,Description,pages.serve.teams[3].description,string,Our worship team helps us encounter God's presence and give him praise.,Plain text.
pages,pages.serve,Name,pages.serve.teams[3].name,string,Worship,Plain text.
pages,pages.serve,Description,pages.serve.teams[4].description,string,"Our Foodbank team serves local people in crisis, providing food parcels and a listening, friendly ear.",Plain text.
pages,pages.serve,Name,pages.serve.teams[4].name,string,Foodbank,Plain text.
pages,pages.serve,Description,pages.serve.teams[5].description,string,"Our lunch club team helps serve lunch and build relationships in this richly diverse, lively community.",Plain text.
pages,pages.serve,Name,pages.serve.teams[5].name,string,Lunch Club,Plain text.
pages,pages.serve,Description,pages.serve.teams[6].description,string,Our cleaning team enables us to welcome people into the building during the week and gather together on Sundays.,Plain text.
pages,pages.serve,Name,pages.serve.teams[6].name,string,Cleaning,Plain text.
pages,pages.serve,Description,pages.serve.teams[7].description,string,Our car park team helps fit everyone in so we can gather together on a Sunday.,Plain text.
pages,pages.serve,Name,pages.serve.teams[7].name,string,Car Park,Plain text.
pages,pages.serve,Description,pages.serve.teams[8].description,string,"Our creative team uses photography, social media, and video to show what God is doing locally and help people connect with church family.",Plain text.
pages,pages.serve,Name,pages.serve.teams[8].name,string,Creative,Plain text.
pages,pages.serve,Description,pages.serve.teams[9].description,string,Our production team makes sure everyone can see and hear clearly during Sunday gatherings.,Plain text.
pages,pages.serve,Name,pages.serve.teams[9].name,string,Production Team,Plain text.
pages,pages.serve,Title,pages.serve.title,string,Serve,Plain text.
pages,pages.sundays,After service,pages.sundays.after_service,string,Please join us for refreshments afterwards to hang out as church family.,Plain text.
pages,pages.sundays,Description,pages.sundays.description,string,"Join us for our Sunday gathering every week at 10:45am. We gather to worship Jesus, hear the Bible read and explained, and to pray.",Plain text.
pages,pages.sundays,Alt,pages.sundays.image.alt,string,Worship team singing during a Sunday gathering,Plain text.
pages,pages.sundays,Src,pages.sundays.image.src,path,/images/worship-flags.jpg,Use site-relative path starting with /.
pages,pages.sundays,Kids blurb,pages.sundays.kids_blurb,string,We have Kids and Youth groups (0-14) that meet during our service.,Plain text.
pages,pages.sundays,Kids heading,pages.sundays.kids_heading,string,Bringing Kids?,Plain text.
pages,pages.sundays,Location,pages.sundays.location,string,"St John's Park, Bernard Street, Sheffield, S2 5PU",Plain text.
pages,pages.sundays,Location label,pages.sundays.location_label,string,Location,Plain text.
pages,pages.sundays,Service style,pages.sundays.service_style,string,"Our Sunday gathering is informal and interactive, with contemporary worship songs.",Plain text.
pages,pages.sundays,Talks link href,pages.sundays.talks_link_href,path,/sermons,Use site-relative path starting with /.
pages,pages.sundays,Talks link intro,pages.sundays.talks_link_intro,string,Catch up on talks from previous Sundays on our,Plain text.
pages,pages.sundays,Talks link label,pages.sundays.talks_link_label,string,Talks page,Plain text.
pages,pages.sundays,Time,pages.sundays.time,string,10:45 AM,Plain text.
pages,pages.sundays,Time label,pages.sundays.time_label,string,Time,Plain text.
pages,pages.sundays,Title line one,pages.sundays.title_line_one,string,SUNDAY,Plain text.
pages,pages.sundays,Title line two,pages.sundays.title_line_two,string,GATHERING,Plain text.
pages,pages.sundays,What to expect heading,pages.sundays.what_to_expect_heading,string,What to Expect,Plain text.
pages,pages.sundays,What to expect items 1,pages.sundays.what_to_expect_items[0],string,Services are usually a little over one hour.,Plain text.
pages,pages.sundays,What to expect items 2,pages.sundays.what_to_expect_items[1],string,"We sing together, read Scripture, hear Bible teaching, and pray.",Plain text.
pages,pages.sundays,What to expect items 3,pages.sundays.what_to_expect_items[2],string,"On the first Sunday of each month, we share Communion.",Plain text.
pages,pages.team,Heading,pages.team.staff_team.heading,string,St John's Staff Team,Plain text.
pages,pages.team,Email,pages.team.staff_team.members[0].email,string,luke@saintjohnspark.org,Plain text.
pages,pages.team,Name,pages.team.staff_team.members[0].name,string,Revd Luke Graham,Plain text.
pages,pages.team,Phone,pages.team.staff_team.members[0].phone,string,07538 172907,Plain text.
pages,pages.team,Phone href,pages.team.staff_team.members[0].phone_href,url,tel:+447538172907,"Use full URL (https://...), mailto:, or tel:."
pages,pages.team,Role,pages.team.staff_team.members[0].role,string,is the Priest in Charge.,Plain text.
pages,pages.team,Email,pages.team.staff_team.members[1].email,string,kirsty.dronfield@centenaryproject.org.uk,Plain text.
pages,pages.team,Name,pages.team.staff_team.members[1].name,string,Kirsty Dronfield,Plain text.
pages,pages.team,Role,pages.team.staff_team.members[1].role,string,is our Centenary Project Children and Families' Leader.,Plain text.
pages,pages.team,Title,pages.team.title,string,Meet the Team,Plain text.
pages,pages.team,Heading,pages.team.wardens.heading,string,Churchwardens and PCC,Plain text.
pages,pages.team,Paragraphs 1,pages.team.wardens.paragraphs[0],html,<strong>Faustina Nyame</strong> is one of our churchwardens.,HTML allowed. Keep links as <a href='...'>text</a>.
pages,pages.team,Paragraphs 2,pages.team.wardens.paragraphs[1],html,<strong>Elizabeth (Bess) Cooper</strong> is also a churchwarden and a Lay Reader.,HTML allowed. Keep links as <a href='...'>text</a>.
pages,pages.team,Paragraphs 3,pages.team.wardens.paragraphs[2],string,Our PCC serves and supports the life and leadership of the church.,Plain text.
pages,pages.the_park,Alt,pages.the_park.featured_photo.alt,string,Baptism Celebration,Plain text.
pages,pages.the_park,Label,pages.the_park.featured_photo.label,string,New Life,Plain text.
pages,pages.the_park,Src,pages.the_park.featured_photo.src,path,/images/baptism.jpg,Use site-relative path starting with /.
pages,pages.the_park,Alt,pages.the_park.photos[0].alt,string,Community gathering in the park with bunting and seated groups,Plain text.
pages,pages.the_park,Label,pages.the_park.photos[0].label,string,Community Gathering,Plain text.
pages,pages.the_park,Src,pages.the_park.photos[0].src,path,/images/community-park-gathering-1.jpg,Use site-relative path starting with /.
pages,pages.the_park,Alt,pages.the_park.photos[1].alt,string,Church building and community enjoying outdoor activities,Plain text.
pages,pages.the_park,Label,pages.the_park.photos[1].label,string,Churchyard Event,Plain text.
pages,pages.the_park,Src,pages.the_park.photos[1].src,path,/images/community-park-gathering-2.jpg,Use site-relative path starting with /.
pages,pages.the_park,Alt,pages.the_park.photos[2].alt,string,People taking part in races on the grass outside church,Plain text.
pages,pages.the_park,Label,pages.the_park.photos[2].label,string,Park Fun Day,Plain text.
pages,pages.the_park,Src,pages.the_park.photos[2].src,path,/images/community-fun-day.jpg,Use site-relative path starting with /.
pages,pages.the_park,Alt,pages.the_park.photos[3].alt,string,Children playing games in the park,Plain text.
pages,pages.the_park,Label,pages.the_park.photos[3].label,string,Park Kids,Plain text.
pages,pages.the_park,Src,pages.the_park.photos[3].src,path,/images/kids-frisbee.jpg,Use site-relative path starting with /.
pages,pages.the_park,Alt,pages.the_park.photos[4].alt,string,Children and families around the churchyard games area,Plain text.
pages,pages.the_park,Label,pages.the_park.photos[4].label,string,Churchyard Games,Plain text.
pages,pages.the_park,Src,pages.the_park.photos[4].src,path,/images/kids-churchyard.jpg,Use site-relative path starting with /.
pages,pages.the_park,Alt,pages.the_park.photos[5].alt,string,Community singing carols at the church entrance in December,Plain text.
pages,pages.the_park,Label,pages.the_park.photos[5].label,string,Seasonal Events,Plain text.
pages,pages.the_park,Src,pages.the_park.photos[5].src,path,/images/carols-doorstep.jpg,Use site-relative path starting with /.
pages,pages.the_park,Title,pages.the_park.title,string,The Park,Plain text.
pages,pages.what_we_believe,Paragraphs 1,pages.what_we_believe.paragraphs[0],string,"St John's is part of the Church of England in the Diocese of Sheffield. We are committed to being followers of Jesus who love and learn from God, support each other, and serve our community and beyond.",Plain text.
pages,pages.what_we_believe,Paragraphs 2,pages.what_we_believe.paragraphs[1],string,"Our faith is well summarized in the Apostles' Creed, shared by Christians around the world through the centuries.",Plain text.
pages,pages.what_we_believe,Paragraphs 3,pages.what_we_believe.paragraphs[2],string,"We believe in God the Father, in Jesus Christ his Son, and in the Holy Spirit; in forgiveness, resurrection, and eternal life in Christ.",Plain text.
pages,pages.what_we_believe,Title,pages.what_we_believe.title,string,What We Believe,Plain text.
pages,pages.whats_on,Description,pages.whats_on.foodbank.description,string,"If you are in crisis, we can provide an emergency food parcel and practical support. Citizens Advice and Debt Support workers are available during sessions for those with referrals.",Plain text.
pages,pages.whats_on,Heading,pages.whats_on.foodbank.heading,string,Foodbank,Plain text.
pages,pages.whats_on,Referrals heading,pages.whats_on.foodbank.referrals_heading,string,Referral numbers:,Plain text.
pages,pages.whats_on,Referrals 1,pages.whats_on.foodbank.referrals[0],string,"Help Through Hardship: 0808 208 2138 (Mon-Fri, 9:00am-5:00pm)",Plain text.
pages,pages.whats_on,Referrals 2,pages.whats_on.foodbank.referrals[1],string,"Citizens Advice Sheffield: 0808 278 7820 (Mon-Fri, 10:00am-4:00pm, option 4)",Plain text.
pages,pages.whats_on,Referrals 3,pages.whats_on.foodbank.referrals[2],string,"Sheffield S6 helpline: 0114 321 0733 (Mon-Fri, 10:00am-1:00pm)",Plain text.
pages,pages.whats_on,Time,pages.whats_on.foodbank.time,string,Monday 10:00am-12:00pm,Plain text.
pages,pages.whats_on,Volunteer html,pages.whats_on.foodbank.volunteer_html,html,Interested in volunteering? Contact Hannah at <a href='mailto:hannah@saintjohnspark.org' class='underline decoration-[var(--eden)] underline-offset-4'>hannah@saintjohnspark.org</a>.,HTML allowed. Keep links as <a href='...'>text</a>.
pages,pages.whats_on,Import calendar label,pages.whats_on.import_calendar_label,string,Import Calendar,Plain text.
pages,pages.whats_on,Description,pages.whats_on.lunch_club.description,string,"Join us every Monday for soup, bread, a hot drink, and a chat. All are welcome, and it is free.",Plain text.
pages,pages.whats_on,Heading,pages.whats_on.lunch_club.heading,string,Lunch Club,Plain text.
pages,pages.whats_on,Time,pages.whats_on.lunch_club.time,string,Monday 11:40am-12:40pm,Plain text.
pages,pages.whats_on,Button label,pages.whats_on.midweek_online_prayers.button_label,string,Join Zoom Meeting,Plain text.
pages,pages.whats_on,Description,pages.whats_on.midweek_online_prayers.description,string,Monday to Friday at 8:00am for 30 minutes on Zoom.,Plain text.
pages,pages.whats_on,Extra,pages.whats_on.midweek_online_prayers.extra,string,We also meet in church on the first Sunday of each month from 10:00-10:30am before the service.,Plain text.
pages,pages.whats_on,Heading,pages.whats_on.midweek_online_prayers.heading,string,Midweek Online Prayers,Plain text.
pages,pages.whats_on,Meeting id,pages.whats_on.midweek_online_prayers.meeting_id,string,323 564 9987,Plain text.
pages,pages.whats_on,Passcode,pages.whats_on.midweek_online_prayers.passcode,string,483559,Plain text.
pages,pages.whats_on,Zoom link,pages.whats_on.midweek_online_prayers.zoom_link,url,https://zoom.us/j/3235649987?pwd=483559,"Use full URL (https://...), mailto:, or tel:."
pages,pages.whats_on,Description,pages.whats_on.seasonal_events.description,string,"Throughout the year we host seasonal gatherings for all ages, including Christmas events and community celebrations.",Plain text.
pages,pages.whats_on,Heading,pages.whats_on.seasonal_events.heading,string,Seasonal Events,Plain text.
pages,pages.whats_on,Alt,pages.whats_on.seasonal_events.images[0].alt,string,Children and families taking part in a Christingle service,Plain text.
pages,pages.whats_on,Src,pages.whats_on.seasonal_events.images[0].src,path,/images/christingle.jpg,Use site-relative path starting with /.
pages,pages.whats_on,Alt,pages.whats_on.seasonal_events.images[1].alt,string,Community carol singing at the church entrance,Plain text.
pages,pages.whats_on,Src,pages.whats_on.seasonal_events.images[1].src,path,/images/carols-doorstep.jpg,Use site-relative path starting with /.
pages,pages.whats_on,Subtitle,pages.whats_on.subtitle,string,Weekly church life and upcoming events in one place.,Plain text.
pages,pages.whats_on,Description,pages.whats_on.sunday_gathering.description,string,"Our Sunday gathering happens every Sunday at 10:45am and is for all ages. We gather to worship Jesus, hear from God's Word, and pray together.",Plain text.
pages,pages.whats_on,Heading,pages.whats_on.sunday_gathering.heading,string,Sunday Gathering,Plain text.
pages,pages.whats_on,Alt,pages.whats_on.sunday_gathering.image.alt,string,Community activities in the church grounds,Plain text.
pages,pages.whats_on,Src,pages.whats_on.sunday_gathering.image.src,path,/images/community-fun-day.jpg,Use site-relative path starting with /.
pages,pages.whats_on,Title,pages.whats_on.title,string,What's On,Plain text.
pages,pages.whats_on,Description,pages.whats_on.upcoming_events.description,string,Pulled from our live church calendar.,Plain text.
pages,pages.whats_on,Empty message,pages.whats_on.upcoming_events.empty_message,string,No upcoming events found right now. Please check back soon.,Plain text.
pages,pages.whats_on,Heading,pages.whats_on.upcoming_events.heading,string,Upcoming Events,Plain text.
pages,pages.whats_on,Jump label,pages.whats_on.upcoming_events.jump_label,string,See regular weekly activities,Plain text.
sermons,sermons.audioUrl,Audio Url,sermons[0].audioUrl,string,,Plain text.
sermons,sermons.date,Date,sermons[0].date,string,2026-01-25,Plain text.
sermons,sermons.description,Description,sermons[0].description,string,Continuing The Family of God series through the life of Abraham.,Plain text.
sermons,sermons.duration,Duration,sermons[0].duration,number,1800,Numeric value only.
sermons,sermons.passage,Passage,sermons[0].passage,string,Genesis 16,Plain text.
sermons,sermons.series,Series,sermons[0].series,string,The Family of God,Plain text.
sermons,sermons.speaker,Speaker,sermons[0].speaker,string,Emma Fern,Plain text.
sermons,sermons.title,Title,sermons[0].title,string,The Life of Abraham,Plain text.
sermons,sermons.audioUrl,Audio Url,sermons[1].audioUrl,url,https://www.saintjohnspark.org.uk/wp-content/uploads/2026/01/18-01-2026-Revd-Luke-Graham-Genesis-12v10-20-The-Family-of-God.mp3,"Use full URL (https://...), mailto:, or tel:."
sermons,sermons.date,Date,sermons[1].date,string,2026-01-18,Plain text.
sermons,sermons.description,Description,sermons[1].description,string,The Family of God series in Genesis.,Plain text.
sermons,sermons.duration,Duration,sermons[1].duration,number,1800,Numeric value only.
sermons,sermons.passage,Passage,sermons[1].passage,string,Genesis 12:10-20,Plain text.
sermons,sermons.series,Series,sermons[1].series,string,The Family of God,Plain text.
sermons,sermons.speaker,Speaker,sermons[1].speaker,string,Revd Luke Graham,Plain text.
sermons,sermons.title,Title,sermons[1].title,string,Marriage,Plain text.
sermons,sermons.audioUrl,Audio Url,sermons[2].audioUrl,url,https://www.saintjohnspark.org.uk/wp-content/uploads/2026/01/11-01-2026-Revd-Luke-Graham-Genesis-12v1-9-The-Family-of-God.mp3,"Use full URL (https://...), mailto:, or tel:."
sermons,sermons.date,Date,sermons[2].date,string,2026-01-11,Plain text.
sermons,sermons.description,Description,sermons[2].description,string,Walking through Genesis and God's covenant family.,Plain text.
sermons,sermons.duration,Duration,sermons[2].duration,number,1800,Numeric value only.
sermons,sermons.passage,Passage,sermons[2].passage,string,Genesis 12:1-9,Plain text.
sermons,sermons.series,Series,sermons[2].series,string,The Family of God,Plain text.
sermons,sermons.speaker,Speaker,sermons[2].speaker,string,Revd Luke Graham,Plain text.
sermons,sermons.title,Title,sermons[2].title,string,The Family of God,Plain text.
sermons,sermons.audioUrl,Audio Url,sermons[3].audioUrl,url,https://www.saintjohnspark.org.uk/wp-content/uploads/2026/01/04-01-2026-Lucy-Wren.mp3,"Use full URL (https://...), mailto:, or tel:."
sermons,sermons.date,Date,sermons[3].date,string,2026-01-04,Plain text.
sermons,sermons.description,Description,sermons[3].description,string,Sunday teaching from our church family.,Plain text.
sermons,sermons.duration,Duration,sermons[3].duration,number,1800,Numeric value only.
sermons,sermons.passage,Passage,sermons[3].passage,string,,Plain text.
sermons,sermons.series,Series,sermons[3].series,string,Sunday Talks,Plain text.
sermons,sermons.speaker,Speaker,sermons[3].speaker,string,Lucy Wren,Plain text.
sermons,sermons.title,Title,sermons[3].title,string,Sunday Talk,Plain text.
sermons,sermons.audioUrl,Audio Url,sermons[4].audioUrl,url,https://www.saintjohnspark.org.uk/wp-content/uploads/2026/01/28-12-2025-Bess-cooper-Luke-2v8–16-Humble-King.mp3,"Use full URL (https://...), mailto:, or tel:."
sermons,sermons.date,Date,sermons[4].date,string,2025-12-28,Plain text.
sermons,sermons.description,Description,sermons[4].description,string,Advent reflections on Jesus as the humble King.,Plain text.
sermons,sermons.duration,Duration,sermons[4].duration,number,1800,Numeric value only.
sermons,sermons.passage,Passage,sermons[4].passage,string,Luke 2:8-16,Plain text.
sermons,sermons.series,Series,sermons[4].series,string,Advent,Plain text.
sermons,sermons.speaker,Speaker,sermons[4].speaker,string,Revd Luke Graham,Plain text.
sermons,sermons.title,Title,sermons[4].title,string,Jesus the Humble King,Plain text.
sermons,sermons.audioUrl,Audio Url,sermons[5].audioUrl,url,https://www.saintjohnspark.org.uk/wp-content/uploads/2026/01/25-12-2025-Revd-Dominic-Wachira-Maina-Christmas-Day.mp3,"Use full URL (https://...), mailto:, or tel:."
sermons,sermons.date,Date,sermons[5].date,string,2025-12-25,Plain text.
sermons,sermons.description,Description,sermons[5].description,string,Christmas Day celebration.,Plain text.
sermons,sermons.duration,Duration,sermons[5].duration,number,1800,Numeric value only.
sermons,sermons.passage,Passage,sermons[5].passage,string,,Plain text.
sermons,sermons.series,Series,sermons[5].series,string,Christmas,Plain text.
sermons,sermons.speaker,Speaker,sermons[5].speaker,string,Revd Dominic Wachira Maina,Plain text.
sermons,sermons.title,Title,sermons[5].title,string,Christmas Day,Plain text.
sermons,sermons.audioUrl,Audio Url,sermons[6].audioUrl,url,https://www.saintjohnspark.org.uk/wp-content/uploads/2026/01/21-12-2025-Revd-Luke-Graham-Luke-1v26–38-Eternal-King.mp3,"Use full URL (https://...), mailto:, or tel:."
sermons,sermons.date,Date,sermons[6].date,string,2025-12-21,Plain text.
sermons,sermons.description,Description,sermons[6].description,string,Advent reflections on Jesus as the eternal King.,Plain text.
sermons,sermons.duration,Duration,sermons[6].duration,number,1800,Numeric value only.
sermons,sermons.passage,Passage,sermons[6].passage,string,Luke 1:26-38,Plain text.
sermons,sermons.series,Series,sermons[6].series,string,Advent,Plain text.
sermons,sermons.speaker,Speaker,sermons[6].speaker,string,Revd Luke Graham,Plain text.
sermons,sermons.title,Title,sermons[6].title,string,Jesus the Eternal King,Plain text.
sermons,sermons.audioUrl,Audio Url,sermons[7].audioUrl,url,https://www.saintjohnspark.org.uk/wp-content/uploads/2025/12/07-12-2025-Lucy-Uren-Genesis-3v8-19-Isaiah-9v2-7-Jesus-as-the-Light-Bringer.mp3,"Use full URL (https://...), mailto:, or tel:."
sermons,sermons.date,Date,sermons[7].date,string,2025-12-07,Plain text.
sermons,sermons.description,Description,sermons[7].description,string,Advent teaching on Jesus bringing light into darkness.,Plain text.
sermons,sermons.duration,Duration,sermons[7].duration,number,1800,Numeric value only.
sermons,sermons.passage,Passage,sermons[7].passage,string,Genesis 3:8-19; Isaiah 9:2-7,Plain text.
sermons,sermons.series,Series,sermons[7].series,string,Advent,Plain text.
sermons,sermons.speaker,Speaker,sermons[7].speaker,string,Lucy Uren,Plain text.
sermons,sermons.title,Title,sermons[7].title,string,Jesus the Light Bringer,Plain text.
sermons,sermons.audioUrl,Audio Url,sermons[8].audioUrl,url,https://www.saintjohnspark.org.uk/wp-content/uploads/2025/12/30-11-2025-Revd-Al-Munday-Genesis-3v8-19-What-child-is-this.mp3,"Use full URL (https://...), mailto:, or tel:."
sermons,sermons.date,Date,sermons[8].date,string,2025-11-30,Plain text.
sermons,sermons.description,Description,sermons[8].description,string,Advent series opening message.,Plain text.
sermons,sermons.duration,Duration,sermons[8].duration,number,1800,Numeric value only.
sermons,sermons.passage,Passage,sermons[8].passage,string,Genesis 3:8-19,Plain text.
sermons,sermons.series,Series,sermons[8].series,string,Advent,Plain text.
sermons,sermons.speaker,Speaker,sermons[8].speaker,string,Revd Al Munday,Plain text.
sermons,sermons.title,Title,sermons[8].title,string,What Child Is This?,Plain text.
site,site.address,Address,site.address,string,"Bernard Street, Sheffield, S2 5PU",Plain text.
site,site.default_site_url,Default site url,site.default_site_url,url,https://stjohnspark.church,"Use full URL (https://...), mailto:, or tel:."
site,site.meta_description,Meta description,site.meta_description,string,St John's Park Church,Plain text.
site,site.mission,Mission,site.mission,string,"Belong, Serve, Give",Plain text.
site,site.subtitle,Subtitle,site.subtitle,string,"A community of Jesus-followers in Park, Sheffield.",Plain text.
site,site.title,Title,site.title,string,St John's Park Church,Plain text.
site,site.vision,Vision,site.vision,string,Eden in Park,Plain text.
utility_navigation,utility_navigation.href,Href,utility_navigation[0].href,path,/belong,Use site-relative path starting with /.
utility_navigation,utility_navigation.label,Label,utility_navigation[0].label,string,Belong,Plain text.
utility_navigation,utility_navigation.tone,Tone,utility_navigation[0].tone,string,belong,Plain text.
utility_navigation,utility_navigation.href,Href,utility_navigation[1].href,path,/serve,Use site-relative path starting with /.
utility_navigation,utility_navigation.label,Label,utility_navigation[1].label,string,Serve,Plain text.
utility_navigation,utility_navigation.tone,Tone,utility_navigation[1].tone,string,serve,Plain text.
utility_navigation,utility_navigation.href,Href,utility_navigation[2].href,path,/give,Use site-relative path starting with /.
utility_navigation,utility_navigation.label,Label,utility_navigation[2].label,string,Give,Plain text.
utility_navigation,utility_navigation.tone,Tone,utility_navigation[2].tone,string,give,Plain text.
